{"CAND_0000001": 0.2810918092727661, "CAND_0000002": 0.16840511560440063, "CAND_0000003": 0.3788483738899231, "CAND_0000004": 0.33135175704956055, "CAND_0000005": 0.2646734118461609, "CAND_0000006": 0.22349679470062256, "CAND_0000007": 0.2515198886394501, "CAND_0000008": 0.3560415208339691, "CAND_0000009": 0.30870315432548523, "CAND_0000010": 0.5000988245010376, "CAND_0000011": 0.1814804971218109, "CAND_0000012": 0.3862460255622864, "CAND_0000013": 0.4758935272693634, "CAND_0000014": 0.16763722896575928, "CAND_0000015": 0.10765347629785538, "CAND_0000016": 0.2701469659805298, "CAND_0000017": 0.2518940567970276, "CAND_0000018": 0.10845400393009186, "CAND_0000019": 0.00314739509485662, "CAND_0000020": 0.1642521172761917, "CAND_0000021": 0.149337038397789, "CAND_0000022": 0.1236410066485405, "CAND_0000023": 0.24859873950481415, "CAND_0000024": 0.3168846666812897, "CAND_0000025": 0.3935306668281555, "CAND_0000026": 0.2266516238451004, "CAND_0000027": 0.1716724932193756, "CAND_0000028": 0.33162549138069153, "CAND_0000029": 0.29393938183784485, "CAND_0000030": 0.3936452269554138, "CAND_0000031": 1.0, "CAND_0000032": 0.1736224889755249, "CAND_0000033": 0.23437704145908356, "CAND_0000034": 0.10054870694875717, "CAND_0000035": 0.317823201417923, "CAND_0000036": 0.04612112417817116, "CAND_0000037": 0.2842835485935211, "CAND_0000038": 0.33823883533477783, "CAND_0000039": 0.2851291000843048, "CAND_0000040": 0.5482104420661926, "CAND_0000041": 0.46739843487739563, "CAND_0000042": 0.2048145830631256, "CAND_0000043": 0.0, "CAND_0000044": 0.33857065439224243, "CAND_0000045": 0.25201764702796936, "CAND_0000046": 0.5107622742652893, "CAND_0000047": 0.5535216927528381, "CAND_0000048": 0.025159351527690887, "CAND_0000049": 0.4717788100242615, "CAND_0000050": 0.36421942710876465}